{"clifford": [0.020072992700729927, 0.04288321167883212, 0.0036496350364963502, 1.0, 1.0, 1.0, 0.0036496350364963502, -0.01824817518248175, -0.011861313868613138, -0.024635036496350366, 0.0009124087591240876, -0.0018248175182481751, 0.02281021897810219, 1.0, -0.021897810218978103, -0.002737226277372263, -0.02737226277372263, 1.0, 1.0, 1.0, 0.020072992700729927, 1.0, 0.0018248175182481751, -0.016423357664233577, 1.0, -0.03375912408759124, -0.03375912408759124, -0.0036496350364963502, 0.004562043795620438, 0.006386861313868613, 0.011861313868613138, 0.020985401459854013, 0.0036496350364963502, -0.0018248175182481751, 1.0, 0.03193430656934307, 0.032846715328467155, -0.0072992700729927005, 0.014598540145985401, 1.0, 1.0, -0.0018248175182481751, -0.006386861313868613, -0.01916058394160584, -0.011861313868613138, -0.023722627737226276, 0.005474452554744526, 1.0, 0.02645985401459854, -0.009124087591240875], "threshold": [0.6800459453124998, 0.6800459453124998, 0.6800459453124998, 0.6800459453124998, 0.6800459453124998, 0.6800459453124998, 0.6800459453124998, 0.6800459453124998, 0.6800459453124998, 0.6800459453124998, 0.6800459453124998, 0.6800459453124998, 0.6800459453124998, 0.6800459453124998, 0.6800459453124998, 0.6800459453124998, 0.6800459453124998, 0.6800459453124998, 0.6800459453124998, 0.6800459453124998, 0.6800459453124998, 0.6800459453124998, 0.6800459453124998, 0.6800459453124998, 0.6800459453124998, 0.6800459453124998, 0.6800459453124998, 0.6800459453124998, 0.6800459453124998, 0.6800459453124998, 0.6800459453124998, 0.6800459453124998, 0.6800459453124998, 0.6800459453124998, 0.6800459453124998, 0.6800459453124998, 0.6800459453124998, 0.6800459453124998, 0.6800459453124998, 0.6800459453124998, 0.6800459453124998, 0.6800459453124998, 0.6800459453124998, 0.6800459453124998, 0.6800459453124998, 0.6800459453124998, 0.6800459453124998, 0.6800459453124998, 0.6800459453124998, 0.6800459453124998, 0.6800459453124998, 0.6800459453124998, 0.6800459453124998, 0.6800459453124998, 0.6800459453124998, 0.6800459453124998, 0.6800459453124998, 0.6800459453124998, 0.6800459453124998, 0.6800459453124998, 0.6800459453124998, 0.6800459453124998, 0.6800459453124998, 0.6800459453124998, 0.6800459453124998, 0.6800459453124998, 0.6800459453124998, 0.6800459453124998, 0.6800459453124998, 0.6800459453124998, 0.6800459453124998, 0.6800459453124998, 0.6800459453124998, 0.6800459453124998, 0.6800459453124998, 0.6800459453124998, 0.6800459453124998, 0.6800459453124998, 0.6800459453124998, 0.6800459453124998, 0.6800459453124998, 0.6800459453124998, 0.6800459453124998, 0.6800459453124998, 0.6800459453124998, 0.6800459453124998, 0.6800459453124998, 0.6800459453124998, 0.6800459453124998, 0.6800459453124998, 0.6800459453124998, 0.6800459453124998, 0.6800459453124998, 0.6800459453124998, 0.6800459453124998, 0.6800459453124998, 0.6800459453124998, 0.6800459453124998, 0.6800459453124998, 0.6800459453124998], "random": [0.3010948905109489, -0.0072992700729927005, -0.02737226277372263, 0.012773722627737226, 1.0, 0.11952554744525548, 0.125, -0.04470802919708029, 0.4543795620437956, 0.010036496350364963, 1.0, 1.0, 1.0, -0.03375912408759124, 0.03923357664233577, 1.0, -0.013686131386861315, 1.0, 1.0, 0.510036496350365, 1.0, 0.2062043795620438, -0.032846715328467155, 0.8166058394160584, 0.8759124087591241, 0.6405109489051095, 0.8731751824817519, 1.0, 0.9343065693430657, 0.7554744525547445, 0.08211678832116788, 0.004562043795620438, 1.0, 0.9726277372262774, 0.0018248175182481751, -0.005020538566864446, 1.0, 1.0, 0.0036496350364963502, 1.0, 0.10036496350364964, 1.0, 0.32572992700729925, 0.01551094890510949, 1.0, 0.14468279324509356, 0.058394160583941604, 1.0, 1.0, 1.0]}