{"random": [-0.08, 1.0, -0.04, -0.03, 0.09, 1.0, 0.05, 1.0, 1.0, -0.05, -0.03, 1.0, 0.02, 0.56, 0.31, 0.0, 1.0, -0.09, 1.0, 0.08542713567839195, 1.0, 0.005025125628140704, -0.06532663316582915, -0.01, 0.03, 1.0, 1.0, 1.0, 0.98, 1.0, 0.02, 0.02, 1.0, 1.0, 0.01, 1.0, 1.0, -0.02, 0.8492462311557789, 0.0, 0.01, 1.0, -0.08, -0.01, 0.11, 0.04, 1.0, 0.56, 0.41, -0.12, 1.0, -0.07, 1.0, -0.01, -0.08, 0.1, 1.0, -0.11, 1.0, 1.0, 1.0, -0.04, 1.0, 0.05, 0.14, 0.45, 1.0, 0.04, 0.01507537688442211, 0.04522613065326633, 1.0, 0.03, -0.07, 0.15, -0.03, -0.12, -0.03, 1.0, 1.0, 1.0, 0.09, 0.01, 0.01, 0.23, 0.01, -0.02, -0.02, 0.03, 0.82, 0.99, 1.0, -0.04, 0.02, 0.83, 0.02, 0.10552763819095477, -0.02, 1.0, 0.08, 1.0], "clifford": [-0.11, -0.08, 0.06, -0.08, -0.03, 0.05, 0.13, 0.15, 0.09, -0.05, -0.05, -0.01, 0.0, 0.12, 0.09, -0.04, 1.0, 1.0, -0.01, 0.03, 0.04, 0.0, -0.11, -0.07, -0.02, -0.02, 0.05, 0.02, -0.12, 0.17, 0.06, -0.03, 0.13, -0.13, -0.01, 0.05, 0.17, 0.03, -0.02, -0.12, 0.0, -0.09, 0.02, 0.02, 0.03, 0.11, -0.11, 1.0, -0.04, 1.0, 0.04, 0.08, 1.0, -0.06, 0.01, 0.06, 1.0, 0.0, 0.1, -0.04, 0.1, -0.04, -0.07, 0.0, 0.02, 0.11, 0.01, 0.02, 0.1, 0.03, 0.03, 0.09, 0.01, 0.0, 0.01, -0.01, 0.19, -0.02, -0.06, 0.12, -0.12, 0.1, -0.12, 0.04, 0.17, -0.03, 0.01, 0.04, 0.11, -0.03, 0.09, 0.0, 0.0, 0.08, 0.06, -0.04, 0.1, 0.07, 0.1, 0.01]}