{"clifford": [0.17974452554744524, -0.005474452554744526, 0.07846715328467153, 0.07755474452554745, 0.0036496350364963502, -0.01551094890510949, -0.004562043795620438, 0.07572992700729927, 0.010036496350364963, -0.004562043795620438, -0.021897810218978103, 0.01551094890510949, 0.020072992700729927, 0.07481751824817519, 0.04470802919708029, 0.09580291970802919, 0.048357664233576646, -0.03375912408759124, 0.009124087591240875, 0.011861313868613138, 0.09762773722627738, 0.006386861313868613, 0.01916058394160584, 0.02281021897810219, -0.03193430656934307, -0.01551094890510949, 0.011861313868613138, 0.15054744525547445, 0.18065693430656934, 0.10583941605839416, 0.23905109489051096, 0.2208029197080292, 0.005474452554744526, 0.024635036496350366, 0.07208029197080291, 0.02281021897810219, 0.1031021897810219, 0.008211678832116789, 0.12864963503649635, 0.040145985401459854, 0.012773722627737226, 0.013686131386861315, 0.05474452554744526, 0.05656934306569343, 0.0018248175182481751, -0.01824817518248175, -0.0018248175182481751, 0.1478102189781022, -0.05748175182481752, 0.0666058394160584, 0.0072992700729927005, -0.006386861313868613, 0.16149635036496351, 0.05018248175182482, -0.017335766423357664, -0.02281021897810219, 0.004562043795620438, 0.020072992700729927, -0.009124087591240875, 0.35675182481751827, 0.011861313868613138, -0.002737226277372263, -0.021897810218978103, 0.010948905109489052, 0.7545620437956204, -0.008211678832116789, 0.08211678832116788, 0.07664233576642336, 0.10675182481751824, 0.055656934306569344, -0.02281021897810219, 0.14233576642335766, 0.06386861313868614, 0.07572992700729927, -0.011861313868613138, 0.25364963503649635, 0.5501824817518248, 0.06295620437956205, 0.03832116788321168, 0.14872262773722628, -0.0009124087591240876, -0.012773722627737226, -0.029197080291970802, 0.04927007299270073, 0.010948905109489052, -0.01916058394160584, 0.05474452554744526, 0.24087591240875914, 0.07846715328467153, 0.12682481751824817, 0.18613138686131386, 0.0, 0.7636861313868614, -0.0018248175182481751, 0.2773722627737226, -0.021897810218978103, 0.1760948905109489, -0.016423357664233577, -0.03375912408759124, 0.0009124087591240876], "threshold": [0.6800459453124998, 0.6800459453124998, 0.6800459453124998, 0.6800459453124998, 0.6800459453124998, 0.6800459453124998, 0.6800459453124998, 0.6800459453124998, 0.6800459453124998, 0.6800459453124998, 0.6800459453124998, 0.6800459453124998, 0.6800459453124998, 0.6800459453124998, 0.6800459453124998, 0.6800459453124998, 0.6800459453124998, 0.6800459453124998, 0.6800459453124998, 0.6800459453124998, 0.6800459453124998, 0.6800459453124998, 0.6800459453124998, 0.6800459453124998, 0.6800459453124998, 0.6800459453124998, 0.6800459453124998, 0.6800459453124998, 0.6800459453124998, 0.6800459453124998, 0.6800459453124998, 0.6800459453124998, 0.6800459453124998, 0.6800459453124998, 0.6800459453124998, 0.6800459453124998, 0.6800459453124998, 0.6800459453124998, 0.6800459453124998, 0.6800459453124998, 0.6800459453124998, 0.6800459453124998, 0.6800459453124998, 0.6800459453124998, 0.6800459453124998, 0.6800459453124998, 0.6800459453124998, 0.6800459453124998, 0.6800459453124998, 0.6800459453124998, 0.6800459453124998, 0.6800459453124998, 0.6800459453124998, 0.6800459453124998, 0.6800459453124998, 0.6800459453124998, 0.6800459453124998, 0.6800459453124998, 0.6800459453124998, 0.6800459453124998, 0.6800459453124998, 0.6800459453124998, 0.6800459453124998, 0.6800459453124998, 0.6800459453124998, 0.6800459453124998, 0.6800459453124998, 0.6800459453124998, 0.6800459453124998, 0.6800459453124998, 0.6800459453124998, 0.6800459453124998, 0.6800459453124998, 0.6800459453124998, 0.6800459453124998, 0.6800459453124998, 0.6800459453124998, 0.6800459453124998, 0.6800459453124998, 0.6800459453124998, 0.6800459453124998, 0.6800459453124998, 0.6800459453124998, 0.6800459453124998, 0.6800459453124998, 0.6800459453124998, 0.6800459453124998, 0.6800459453124998, 0.6800459453124998, 0.6800459453124998, 0.6800459453124998, 0.6800459453124998, 0.6800459453124998, 0.6800459453124998, 0.6800459453124998, 0.6800459453124998, 0.6800459453124998, 0.6800459453124998, 0.6800459453124998, 0.6800459453124998, 0.6800459453124998, 0.6800459453124998, 0.6800459453124998, 0.6800459453124998, 0.6800459453124998, 0.6800459453124998, 0.6800459453124998, 0.6800459453124998, 0.6800459453124998, 0.6800459453124998, 0.6800459453124998, 0.6800459453124998, 0.6800459453124998, 0.6800459453124998, 0.6800459453124998, 0.6800459453124998, 0.6800459453124998, 0.6800459453124998, 0.6800459453124998, 0.6800459453124998, 0.6800459453124998, 0.6800459453124998, 0.6800459453124998, 0.6800459453124998, 0.6800459453124998, 0.6800459453124998, 0.6800459453124998, 0.6800459453124998, 0.6800459453124998, 0.6800459453124998, 0.6800459453124998, 0.6800459453124998, 0.6800459453124998, 0.6800459453124998, 0.6800459453124998, 0.6800459453124998, 0.6800459453124998, 0.6800459453124998, 0.6800459453124998, 0.6800459453124998, 0.6800459453124998, 0.6800459453124998, 0.6800459453124998, 0.6800459453124998, 0.6800459453124998, 0.6800459453124998, 0.6800459453124998, 0.6800459453124998, 0.6800459453124998, 0.6800459453124998, 0.6800459453124998, 0.6800459453124998, 0.6800459453124998, 0.6800459453124998, 0.6800459453124998, 0.6800459453124998, 0.6800459453124998, 0.6800459453124998, 0.6800459453124998, 0.6800459453124998, 0.6800459453124998, 0.6800459453124998, 0.6800459453124998, 0.6800459453124998, 0.6800459453124998, 0.6800459453124998, 0.6800459453124998, 0.6800459453124998, 0.6800459453124998, 0.6800459453124998, 0.6800459453124998, 0.6800459453124998, 0.6800459453124998, 0.6800459453124998, 0.6800459453124998, 0.6800459453124998, 0.6800459453124998, 0.6800459453124998, 0.6800459453124998, 0.6800459453124998, 0.6800459453124998, 0.6800459453124998, 0.6800459453124998, 0.6800459453124998, 0.6800459453124998, 0.6800459453124998, 0.6800459453124998, 0.6800459453124998, 0.6800459453124998, 0.6800459453124998, 0.6800459453124998, 0.6800459453124998, 0.6800459453124998, 0.6800459453124998, 0.6800459453124998, 0.6800459453124998, 0.6800459453124998, 0.6800459453124998, 0.6800459453124998, 0.6800459453124998],