{"clifford": [-0.030109489051094892, -0.010036496350364963, 0.004562043795620438, 0.2509124087591241, 0.029197080291970802, -0.009124087591240875, 0.043795620437956206, 0.06295620437956205, 0.10218978102189781, 0.05656934306569343, 0.12043795620437957, 0.10492700729927007, 0.15693430656934307, 0.3302919708029197, 0.13047445255474452, 0.06204379562043796, 0.10036496350364964, 0.12864963503649635, 0.02281021897810219, -0.021897810218978103, 0.177007299270073, 0.1551094890510949, 0.06204379562043796, 0.008211678832116789, -0.012773722627737226, -0.02645985401459854, 0.012773722627737226, 0.1259124087591241, -0.023722627737226276, 0.09397810218978102, 0.1541970802919708, 0.18613138686131386, 0.14233576642335766, -0.009124087591240875, 0.23722627737226276, 0.04927007299270073, 0.0018248175182481751, 0.010948905109489052, 0.006386861313868613, 0.07025547445255474, 0.04470802919708029, 0.043795620437956206, 0.04744525547445255, -0.002737226277372263, 0.5574817518248175, 0.024635036496350366, 0.3594890510948905, 1.0, 0.13686131386861314, 0.055656934306569344], "threshold": [0.6800459453124998, 0.6800459453124998, 0.6800459453124998, 0.6800459453124998, 0.6800459453124998, 0.6800459453124998, 0.6800459453124998, 0.6800459453124998, 0.6800459453124998, 0.6800459453124998, 0.6800459453124998, 0.6800459453124998, 0.6800459453124998, 0.6800459453124998, 0.6800459453124998, 0.6800459453124998, 0.6800459453124998, 0.6800459453124998, 0.6800459453124998, 0.6800459453124998, 0.6800459453124998, 0.6800459453124998, 0.6800459453124998, 0.6800459453124998, 0.6800459453124998, 0.6800459453124998, 0.6800459453124998, 0.6800459453124998, 0.6800459453124998, 0.6800459453124998, 0.6800459453124998, 0.6800459453124998, 0.6800459453124998, 0.6800459453124998, 0.6800459453124998, 0.6800459453124998, 0.6800459453124998, 0.6800459453124998, 0.6800459453124998, 0.6800459453124998, 0.6800459453124998, 0.6800459453124998, 0.6800459453124998, 0.6800459453124998, 0.6800459453124998, 0.6800459453124998, 0.6800459453124998, 0.6800459453124998, 0.6800459453124998, 0.6800459453124998, 0.6800459453124998, 0.6800459453124998, 0.6800459453124998, 0.6800459453124998, 0.6800459453124998, 0.6800459453124998, 0.6800459453124998, 0.6800459453124998, 0.6800459453124998, 0.6800459453124998, 0.6800459453124998, 0.6800459453124998, 0.6800459453124998, 0.6800459453124998, 0.6800459453124998, 0.6800459453124998, 0.6800459453124998, 0.6800459453124998, 0.6800459453124998, 0.6800459453124998, 0.6800459453124998, 0.6800459453124998, 0.6800459453124998, 0.6800459453124998, 0.6800459453124998, 0.6800459453124998, 0.6800459453124998, 0.6800459453124998, 0.6800459453124998, 0.6800459453124998, 0.6800459453124998, 0.6800459453124998, 0.6800459453124998, 0.6800459453124998, 0.6800459453124998, 0.6800459453124998, 0.6800459453124998, 0.6800459453124998, 0.6800459453124998, 0.6800459453124998, 0.6800459453124998, 0.6800459453124998, 0.6800459453124998, 0.6800459453124998, 0.6800459453124998, 0.6800459453124998, 0.6800459453124998, 0.6800459453124998, 0.6800459453124998, 0.6800459453124998], "random": [0.06118721461187215, 0.05291970802919708, 0.12043795620437957, 0.03423094477407576, 0.024635036496350366, 0.04927007299270073, 0.05748175182481752, 0.09671532846715329, 0.28193430656934304, 0.016423357664233577, 0.03923357664233577, 0.05291970802919708, 0.0364963503649635, 0.04744525547445255, 0.013686131386861315, 0.0666058394160584, 0.025547445255474453, 0.05474452554744526, 0.010036496350364963, 0.05018248175182482, 0.05018248175182482, 0.07755474452554745, 0.008211678832116789, 0.03923357664233577, 0.06386861313868614, 0.08029197080291971, 0.060218978102189784, -0.004562043795620438, 0.14051094890510948, 0.04288321167883212, 0.05200729927007299, 0.054313099041533544, -0.006386861313868613, -0.010036496350364963, 0.05656934306569343, 0.08759124087591241, 0.021897810218978103, 0.02281021897810219, 0.05018248175182482, 0.13412408759124086, -0.0009124087591240876, -0.028284671532846715, 0.10401459854014598, 0.06751824817518248, 0.046532846715328466, 0.09215328467153285, 0.020985401459854013, 0.053832116788321165, 0.11405109489051095, 0.0948905109489051]}