{"clifford": [0.002737226277372263, -0.002737226277372263, 0.03375912408759124, -0.0072992700729927005, 0.002737226277372263, -0.010948905109489052, -0.0364963503649635, -0.01824817518248175, 0.011861313868613138, -0.0364963503649635, 0.01551094890510949, -0.03193430656934307, -0.04927007299270073, 1.0, -0.008211678832116789, 0.0018248175182481751, 0.035583941605839414, -0.014598540145985401, -0.005474452554744526, -0.006386861313868613, 0.006386861313868613, -0.028284671532846715, 0.009124087591240875, 0.009124087591240875, -0.011861313868613138, 0.035583941605839414, 0.053832116788321165, 0.01551094890510949, -0.010948905109489052, 0.005474452554744526, -0.024635036496350366, -0.0666058394160584, 0.01916058394160584, 1.0, 1.0, -0.021897810218978103, -0.01551094890510949, -0.029197080291970802, -0.037408759124087594, -0.040145985401459854, 0.002737226277372263, 0.024635036496350366, 0.011861313868613138, -0.025547445255474453, -0.024635036496350366, -0.004562043795620438, -0.014598540145985401, -0.0072992700729927005, -0.01916058394160584, -0.004562043795620438, 0.014598540145985401, 0.02281021897810219, -0.016423357664233577, -0.03467153284671533, 0.006386861313868613, 0.010036496350364963, -0.021897810218978103, -0.040145985401459854, -0.0036496350364963502, 0.0018248175182481751, 0.0, -0.004562043795620438, 0.008211678832116789, 0.04105839416058394, -0.0072992700729927005, -0.010036496350364963, 0.03102189781021898, 0.01916058394160584, -0.014598540145985401, 0.03832116788321168, 0.0, -0.009124087591240875, -0.010036496350364963, 0.035583941605839414, 1.0, 0.012773722627737226, 0.008211678832116789, -0.035583941605839414, -0.029197080291970802, -0.05930656934306569, 0.06113138686131387, -0.005474452554744526, -0.010948905109489052, -0.014598540145985401, -0.0036496350364963502, 0.010948905109489052, 0.01824817518248175, 0.004562043795620438, 0.037408759124087594, -0.006386861313868613, 0.012773722627737226, -0.016423357664233577, -0.006386861313868613, -0.009124087591240875, 0.020985401459854013, 0.013686131386861315, 0.028284671532846715, 0.011861313868613138, 0.01916058394160584, 0.024635036496350366], "threshold": [0.6800459453124998, 0.6800459453124998, 0.6800459453124998, 0.6800459453124998, 0.6800459453124998, 0.6800459453124998, 0.6800459453124998, 0.6800459453124998, 0.6800459453124998, 0.6800459453124998, 0.6800459453124998, 0.6800459453124998, 0.6800459453124998, 0.6800459453124998, 0.6800459453124998, 0.6800459453124998, 0.6800459453124998, 0.6800459453124998, 0.6800459453124998, 0.6800459453124998, 0.6800459453124998, 0.6800459453124998, 0.6800459453124998, 0.6800459453124998, 0.6800459453124998, 0.6800459453124998, 0.6800459453124998, 0.6800459453124998, 0.6800459453124998, 0.6800459453124998, 0.6800459453124998, 0.6800459453124998, 0.6800459453124998, 0.6800459453124998, 0.6800459453124998, 0.6800459453124998, 0.6800459453124998, 0.6800459453124998, 0.6800459453124998, 0.6800459453124998, 0.6800459453124998, 0.6800459453124998, 0.6800459453124998, 0.6800459453124998, 0.6800459453124998, 0.6800459453124998, 0.6800459453124998, 0.6800459453124998, 0.6800459453124998, 0.6800459453124998, 0.6800459453124998, 0.6800459453124998, 0.6800459453124998, 0.6800459453124998, 0.6800459453124998, 0.6800459453124998, 0.6800459453124998, 0.6800459453124998, 0.6800459453124998, 0.6800459453124998, 0.6800459453124998, 0.6800459453124998, 0.6800459453124998, 0.6800459453124998, 0.6800459453124998, 0.6800459453124998, 0.6800459453124998, 0.6800459453124998, 0.6800459453124998, 0.6800459453124998, 0.6800459453124998, 0.6800459453124998, 0.6800459453124998, 0.6800459453124998, 0.6800459453124998, 0.6800459453124998, 0.6800459453124998, 0.6800459453124998, 0.6800459453124998, 0.6800459453124998, 0.6800459453124998, 0.6800459453124998, 0.6800459453124998, 0.6800459453124998, 0.6800459453124998, 0.6800459453124998, 0.6800459453124998, 0.6800459453124998, 0.6800459453124998, 0.6800459453124998, 0.6800459453124998, 0.6800459453124998, 0.6800459453124998, 0.6800459453124998, 0.6800459453124998, 0.6800459453124998, 0.6800459453124998, 0.6800459453124998, 0.6800459453124998, 0.6800459453124998, 0.6800459453124998, 0.6800459453124998, 0.6800459453124998, 0.6800459453124998, 0.6800459453124998, 0.6800459453124998, 0.6800459453124998, 0.6800459453124998, 0.6800459453124998, 0.6800459453124998, 0.6800459453124998, 0.6800459453124998, 0.6800459453124998, 0.6800459453124998, 0.6800459453124998, 0.6800459453124998, 0.6800459453124998, 0.6800459453124998, 0.6800459453124998, 0.6800459453124998, 0.6800459453124998, 0.6800459453124998, 0.6800459453124998, 0.6800459453124998, 0.6800459453124998, 0.6800459453124998, 0.6800459453124998, 0.6800459453124998, 0.6800459453124998, 0.6800459453124998, 0.6800459453124998, 0.6800459453124998, 0.6800459453124998, 0.6800459453124998, 0.6800459453124998, 0.6800459453124998, 0.6800459453124998, 0.6800459453124998, 0.6800459453124998, 0.6800459453124998, 0.6800459453124998, 0.6800459453124998, 0.6800459453124998, 0.6800459453124998, 0.6800459453124998, 0.6800459453124998, 0.6800459453124998, 0.6800459453124998, 0.6800459453124998, 0.6800459453124998, 0.6800459453124998, 0.6800459453124998, 0.6800459453124998, 0.6800459453124998, 0.6800459453124998, 0.6800459453124998, 0.6800459453124998, 0.6800459453124998, 0.6800459453124998, 0.6800459453124998, 0.6800459453124998, 0.6800459453124998, 0.6800459453124998, 0.6800459453124998, 0.6800459453124998, 0.6800459453124998, 0.6800459453124998, 0.6800459453124998, 0.6800459453124998, 0.6800459453124998, 0.6800459453124998, 0.6800459453124998, 0.6800459453124998, 0.6800459453124998, 0.6800459453124998, 0.6800459453124998, 0.6800459453124998, 0.6800459453124998, 0.6800459453124998, 0.6800459453124998, 0.6800459453124998, 0.6800459453124998, 0.6800459453124998, 0.6800459453124998, 0.6800459453124998, 0.6800459453124998, 0.6800459453124998, 0.6800459453124998, 0.6800459453124998, 0.6800459453124998, 0.6800459453124998, 0.6800459453124998, 0.6800459453124998, 0.6800459453124998, 0.6800459453124998, 0.6800459453124998, 0.6800459453124998, 0.6800459453124998, 0.6800459453124998, 0.6800459453124998], "random": [-0.03923357664233577, 1.0, -0.013686131386861315, 0.020072992700729927, 1.0, 0.04105839416058394, 1.0, 0.017335766423357664, -0.005474452554744526, 0.024635036496350366, 0.7235401459854015, -0.005474452554744526, 0.020985401459854013, 0.010948905109489052, 1.0, -0.002737226277372263, 0.9279197080291971, 0.10401459854014598, 1.0, 1.0, 0.004562043795620438, 1.0, 0.01551094890510949, 0.006386861313868613, -0.008211678832116789, 0.03193430656934307, -0.02281021897810219, 0.004562043795620438, 1.0, -0.01551094890510949, -0.0552259242355089, 1.0, -0.03102189781021898, 0.030109489051094892, 1.0, 1.0, 1.0, -0.002737226277372263, 1.0, 0.9990871748060246, 0.9927007299270073, 1.0, 1.0, 0.0364963503649635, 0.802007299270073, 1.0, 1.0, 0.8429940666362392, 1.0, 1.0, -0.01824817518248175, 0.0036496350364963502, 0.20894160583941607, -0.0036496350364963502, -0.002737226277372263, 1.0, -0.01824817518248175, 0.7928832116788321, 0.2363138686131387, 0.017335766423357664, -0.008211678832116789, 0.010948905109489052, -0.004562043795620438, 0.20894160583941607, 0.01551094890510949, 1.0, 1.0, 0.7956204379562044, 1.0, 1.0, 1.0, -0.010948905109489052, 0.9662408759124088, 1.0, 1.0, 1.0, 1.0, 1.0, 1.0, 1.0, 1.0, -0.02737226277372263, 1.0, 0.10127737226277372, 0.01824817518248175, 0.04927007299270073, 0.009584664536741214, 0.6277372262773723, -0.02645985401459854, 1.0, 1.0, 0.020985401459854013, 0.05200729927007299, 1.0, 1.0, 1.0, 0.177007299270073, 1.0, 1.0, 1.0]}